﻿period,desc,value
1975,public_debt,5497.0
1976,public_debt,5972.0
1977,public_debt,6514.0
1978,public_debt,7220.0
1979,public_debt,7956.0
1980,public_debt,8794.0
1981,public_debt,9726.0
1982,public_debt,10390.0
1983,public_debt,11095.0
1984,public_debt,12232.0
1985,public_debt,12911.0
1986,public_debt,13540.0
1987,public_debt,14146.0
1988,public_debt,15206.0
1989,public_debt,16134.0
1990,public_debt,17004.0
1991,public_debt,17532.0
1992,public_debt,18436.0
1993,public_debt,18909.0
1994,public_debt,19678.0
1995,public_debt,20470.0
1996,public_debt,21355.0
1997,public_debt,22255.0
1998,public_debt,23534.0
1999,public_debt,24356.0
2000,public_debt,25946.0
2001,public_debt,26816.0
2002,public_debt,27816.0
2003,public_debt,28827.0
2004,public_debt,30312.0
2005,public_debt,31343.0
2006,public_debt,33183.0
2007,public_debt,34550.0
2008,public_debt,36200.0
2009,public_debt,34899.0
2010,public_debt,35920.0
2011,public_debt,37012.0
1959,m1,1085.31
1960,m1,1068.78
1961,m1,1078.12
1962,m1,1090.95
1963,m1,1110.48
1964,m1,1138.49
1965,m1,1168.43
1966,m1,1186.62
1967,m1,1199.97
1968,m1,1231.02
1969,m1,1236.74
1970,m1,1213.16
1971,m1,1241.25
1972,m1,1287.61
1973,m1,1300.57
1974,m1,1230.0
1975,m1,1177.39
1976,m1,1176.13
1977,m1,1188.67
1978,m1,1195.22
1979,m1,1156.61
1980,m1,1081.55
1981,m1,1052.65
1982,m1,1056.94
1983,m1,1137.42
1984,m1,1167.39
1985,m1,1228.49
1986,m1,1368.36
1987,m1,1473.14
1988,m1,1474.83
1989,m1,1420.31
1990,m1,1396.61
1991,m1,1419.72
1992,m1,1549.34
1993,m1,1680.16
1994,m1,1738.9
1995,m1,1688.11
1996,m1,1588.19
1997,m1,1500.56
1998,m1,1492.05
1999,m1,1489.24
2000,m1,1442.4
2001,m1,1449.11
2002,m1,1497.11
2003,m1,1558.24
2004,m1,1601.44
2005,m1,1580.62
2006,m1,1534.17
2007,m1,1489.34
2008,m1,1498.82
2009,m1,1716.55
2010,m1,1796.73
2011,m1,2009.43
1929,prime_rate,5.5
1930,prime_rate,3.5
1931,prime_rate,2.75
1932,prime_rate,3.25
1933,prime_rate,1.5
1934,prime_rate,1.5
1935,prime_rate,1.5
1936,prime_rate,1.5
1937,prime_rate,1.5
1938,prime_rate,1.5
1939,prime_rate,1.5
1940,prime_rate,1.5
1941,prime_rate,1.5
1942,prime_rate,1.5
1943,prime_rate,1.5
1944,prime_rate,1.5
1945,prime_rate,1.5
1946,prime_rate,1.5
1947,prime_rate,1.75
1948,prime_rate,1.85
1949,prime_rate,2.0
1950,prime_rate,2.07
1951,prime_rate,2.56
1952,prime_rate,3.0
1953,prime_rate,3.17
1954,prime_rate,3.05
1955,prime_rate,3.16
1956,prime_rate,3.77
1957,prime_rate,4.2
1958,prime_rate,3.83
1959,prime_rate,4.48
1960,prime_rate,4.82
1961,prime_rate,4.5
1962,prime_rate,4.5
1963,prime_rate,4.5
1964,prime_rate,4.5
1965,prime_rate,4.54
1966,prime_rate,5.63
1967,prime_rate,5.63
1968,prime_rate,6.31
1969,prime_rate,7.96
1970,prime_rate,7.91
1971,prime_rate,5.73
1972,prime_rate,5.21
1973,prime_rate,8.01
1974,prime_rate,10.77
1975,prime_rate,7.85
1976,prime_rate,6.82
1977,prime_rate,6.83
1978,prime_rate,9.04
1979,prime_rate,12.61
1980,prime_rate,15.27
1981,prime_rate,18.86
1982,prime_rate,14.85
1983,prime_rate,10.78
1984,prime_rate,12.03
1985,prime_rate,9.93
1986,prime_rate,8.33
1987,prime_rate,8.21
1988,prime_rate,9.32
1989,prime_rate,10.87
1990,prime_rate,10.01
1991,prime_rate,8.46
1992,prime_rate,6.25
1993,prime_rate,6.0
1994,prime_rate,7.14
1995,prime_rate,8.83
1996,prime_rate,8.27
1997,prime_rate,8.44
1998,prime_rate,8.35
1999,prime_rate,8.0
2000,prime_rate,9.23
2001,prime_rate,6.91
2002,prime_rate,4.67
2003,prime_rate,4.12
2004,prime_rate,4.34
2005,prime_rate,6.19
2006,prime_rate,7.96
2007,prime_rate,8.05
2008,prime_rate,5.09
2009,prime_rate,3.25
2010,prime_rate,3.25
2011,prime_rate,3.25
2012,prime_rate,3.25
